Workbook

Sheet How to use
A1: Search Quality Tracker
A2: Run the same questions after every change to see which kinds of questions it helped.
A4: Each round
A5: 1. Run every question on the Test Log sheet and look at the top 5 talks.
A6: 2. Relevant (0–5): how many of those 5 talks would actually help answer the question.
A7: 3. Best found? Y/N: if you know a great talk for the question (Known best talk column), did it appear in the top 5? Leave blank if you don't know one.
A8: 4. Notes: anything odd — duplicates, off-topic results, a great surprise find.
A9: 5. The Summary sheet updates automatically.
A11: Which cells to edit
A12: Yellow cells are for you to fill in. Everything else is labels or formulas.
A13: Blank rows at the bottom of the Test Log are for your own questions — pick a category from the dropdown.
A14: Rename a round by editing its name in row 1 of the Test Log (the Summary follows).
A16: Example row (format only — not real results)
A17: Category | B17: Question | C17: Known best talk | D17: Relevant (0–5) | E17: Best found? | F17: Notes
A18: Life questions | B18: How do I cope with grief after losing someone I love? | C18: (a talk you already know helps) | D18: 3 | E18: N | F18: 2 results were the same talk; one was about missionary work

Sheet Test Log
A1: # | B1: Category | C1: Question | D1: Known best talk (optional) | E1: Baseline (sentences) | H1: 1. Group by talk | K1: 2. Better chunks + headers | N1: 3. Talk summaries | Q1: 4. Hybrid search (RRF) | T1: 5. Reranker
E2: Relevant (0–5) | F2: Best found? (Y/N) | G2: Notes | H2: Relevant (0–5) | I2: Best found? (Y/N) | J2: Notes | K2: Relevant (0–5) | L2: Best found? (Y/N) | M2: Notes | N2: Relevant (0–5) | O2: Best found? (Y/N) | P2: Notes | Q2: Relevant (0–5) | R2: Best found? (Y/N) | S2: Notes | T2: Relevant (0–5) | U2: Best found? (Y/N) | V2: Notes
A3: 1 | B3: Life questions | C3: How can I find peace when life feels overwhelming? | D3: Overcome the World and Find Rest — Nelson (Oct 2022) | E3: 4 | F3: Y | G3: Top 5: Nelson Overcome (#1), Alonso, Muñoz Spannaus, Freeman, Cook. Cook's 'Peaceable Followers' is about peace with others, only partial. Nelson talk appeared twice. | H3: 4 | I3: Y | J3: Same 5 talks, same order. Nelson and Alonso each had 4 matching passages. | K3: 3 | L3: N | M3: New finds: Eyring 'Finding Personal Peace' (#1) and Cook 'Personal Peace in Challenging Times'. But Nelson 'Overcome the World' dropped out and Stevenson 'Peacemakers' (peace with others) came in. Similarity now ~40% — longer chunks score lower. | Q3: 3 | R3: N | S3: No keyword matches (long question), yet results differ from round 2: rebuilding the IVFFlat index changed which chunks it searches (probes = 1). Douglas, Christofferson 'Look to God and Live', Eyring 'Steady in the Storms' fit.
A4: 2 | B4: Life questions | C4: How do I cope with grief after losing someone I love? | D4: The Grave Has No Victory — Aburto (Apr 2021) | E4: 2 | F4: Y | G4: Relevant: Bassett 'After the Fourth Day', Aburto (#4). Nelson 'The Lord Jesus Christ Will Come Again' matched one grief sentence but talk is about the Second Coming; Kopischke (mental health) and Nelson 'What We Are Learning' are only partly about loss. | H4: 2 | I4: Y | J4: Same 5 talks. Aburto (8 passages) moved up to #3, but Nelson's Second Coming talk stays #1 on one strong sentence. | K4: 3 | L4: Y | M4: Aburto now #1. New: Eyring 'Comfort from the Holy Ghost', Palmer 'Our Sorrow Shall Be Turned into Joy'. Nelson Second Coming talk gone. | Q4: 3 | R4: Y | S4: Same as round 2 (semantic only).
A5: 3 | B5: Life questions | C5: I feel like I'm never good enough. What should I do? | D5: Worthiness Is Not Flawlessness — Wilcox (Oct 2021) | E5: 3 | F5: N | G5: Relevant: Olsen 'The Answer Is Jesus', Hirst 'God's Favourite', Eyre 'Know Who You Really Are'. #1 Cook and #2 Newman matched the word 'inadequate' about teaching/callings, not self-worth. | H5: 2 | I5: N | J5: Uchtdorf 'Strength of Parents' (4 passages) pushed out Eyre 'Know Who You Really Are'. Slightly worse. | K5: 4 | L5: Y | M5: Big improvement: Wilcox (best talk) now #1, plus Stanfill 'Imperfect Harvest', Hirst, Dunn 'One Percent Better'. | Q5: 4 | R5: Y | S5: Wilcox still #1. Christofferson 'Doctrine of Belonging' replaced Dunn.
A6: 4 | B6: Life questions | C6: How can I strengthen my relationship with God when I feel far away? | D6: Drawing Closer to the Savior — Andersen (Oct 2022) | E6: 4 | F6: N | G6: Eyring 'Draw Near unto Me', Kacher 'Ladder of Faith', Phillips 'God Knows and Loves You', Eyring 'Simple Is the Doctrine' all fit. Muñoz Spannaus only partial. | H6: 3 | I6: N | J6: Worse: talks with many 'faith' passages (Nelson 'Christ Is Risen' 13, Roman 5) jumped ahead. Eyring 'Draw Near' fell from #1 to #5; Phillips dropped out. | K6: 3 | L6: N | M6: Christofferson 'Our Relationship with God', Johnson 'Be Reconciled to God', Roman fit. Andersen still missing. | Q6: 3 | R6: N | S6: Semantic only. Eyre, Johnson, Teixeira 'Remember Your Way Back Home' fit.
A7: 5 | B7: Life questions | C7: How do I forgive someone who hurt me and isn't sorry? | D7: Beauty for Ashes: The Healing Path of Forgiveness — Yee (Oct 2022) | E7: 2 | F7: Y | G7: Yee #1 (great). Nelson 'Spiritual Momentum' has a forgiveness section. Others are about being forgiven of your own sins (Nattress, Dushku), not forgiving others. | H7: 2 | I7: Y | J7: Gong 'Happy and Forever' (7) and Andersen 'Atoning Love' (9) entered on volume, not topic. Yee still #1. | K7: 2 | L7: Y | M7: Yee #1. Kearon 'He Is Risen' (healing from harm by others) is new and fits. Others are about being forgiven. | Q7: 2 | R7: Y | S7: Same as round 2.
A8: 6 | B8: Life questions | C8: I keep making the same mistake. Is it too late for me to change? | D8: Jesus Christ and Your New Beginning — Kearon (Oct 2025) | E8: 4 | F8: Y | G8: Kearon #1. Eyre and Porter returned the exact same sentence (one quotes the other). Uchtdorf 'Daily Restoration' fits; 'Strength of Youth' only partial. | H8: 4 | I8: Y | J8: Same 5 talks. | K8: 4 | L8: N | M8: Wilcox (relapsing) and Whiting 'Second Temptation' are strong new fits, but Kearon 'New Beginning' dropped out. Low similarity (~28%). | Q8: 4 | R8: N | S8: Same as round 2.
A9: 7 | B9: Life questions | C9: How do I deal with doubts or unanswered questions about my faith? | D9: Seeking Answers to Spiritual Questions — Browning (Oct 2024) | E9: 3 | F9: N | G9: Relevant: Oaks 'Gospel Is for All', Homer 'Trusting Our Father', Uchtdorf 'Nourish the Roots'. Uchtdorf 'Empty Tomb' partial; Dennis 'Cheering Each Other On' off-topic. | H9: 3 | I9: N | J9: Douglas 'Spiritual Hurricanes' replaced off-topic Dennis. Small improvement in the 5th slot. | K9: 3 | L9: N | M9: Oaks still #1; Eyring 'Faith to Ask' and Douglas fit. Homer and Uchtdorf 'Nourish the Roots' dropped out. | Q9: 3 | R9: N | S9: Keyword hits on 'doubt'/'faith' moved Uchtdorf 'Nourish the Roots' to #1 (good); Lebethoa only partial.
A10: 8 | B10: Life questions | C10: How can I strengthen my marriage? | D10: Eternal Marriage Is an Eternal Journey — Andersen (Apr 2026) | E10: 2 | F10: N | G10: Results drift to 'family' instead of 'marriage'. Only Soares 'In Partnership with the Lord' and Oaks 'Family-Centered Gospel' help. Best talk missing despite the title match. | H10: 2 | I10: N | J10: Still drifts to family talks — now with lots of passages (Oaks 16, Uchtdorf 17). Andersen marriage talk still missing. | K10: 2 | L10: Y | M10: Improved: Andersen 'Eternal Marriage' (best talk) finally appears (#2). Carpenter partly fits; the rest are off-topic. | Q10: 1 | R10: N | S10: Worse: keyword matches on 'strengthen' + 'marriage' pulled in a tithing talk and pushed out Andersen 'Eternal Marriage'. Keyword noise.
A11: 9 | B11: Life questions | C11: How do I handle anxiety about the future? | E11: 2 | G11: Weak: similarity only 37–39%. Held 'Opposition in All Things' and Villanueva (worry quote) partly fit; Roman, Meredith, Godoy matched the word 'future'. No clear best talk on anxiety in this data. | H11: 2 | J11: Same 5 talks, same weak similarity. | K11: 3 | M11: Improved: Eyring 'Steady in the Storms', Gong 'All Things for Our Good', Holland 'Fear Not' — about fear and trust, not just the word 'future'. | Q11: 3 | S11: Semantic only; similar quality to round 2.
A12: 10 | B12: Life questions | C12: I feel lonely and like I don't belong at church. | D12: No One Sits Alone — Gong (Oct 2025) | E12: 3 | F12: Y | G12: Gong #1 at 68% (great). Cook 'Just Keep Going' and Christofferson 'Doctrine of Belonging' fit; Cordon and Kopischke partial. | H12: 3 | I12: Y | J12: Gilbert 'Come Home' (7) is new and fits, but Christofferson 'Doctrine of Belonging' dropped out. | K12: 4 | L12: N | M12: Strong set of belonging stories (Johnson, Uchtdorf, Lund, Gilbert 'Come Home'), but Gong 'No One Sits Alone' dropped out. | Q12: 3 | R12: N | S12: Christofferson 'Belonging' back; Gong still missing.
A13: 11 | B13: Paraphrase | C13: How do I know when God is talking to me? | D13: A Framework for Personal Revelation — Renlund (Oct 2022) | E13: 2 | F13: N | G13: Stevenson 'Nourishing and Bearing Your Testimony' and Nelson 'What Is True?' partly fit. Others (Think Celestial, Yee, Gong) matched single 'listen/trust' sentences. Best talk on revelation missing. | H13: 1 | I13: N | J13: Rasband 'Words Matter' replaced Nelson 'What Is True?'. Slightly worse. | K13: 3 | L13: N | M13: Eyring 'Faith to Ask' (still, small voice) and Pieper 'Trust in the Lord' are new fits. Renlund still missing. | Q13: 3 | R13: N | S13: Keyword hits on 'God'/'talk' style words; Bednar 'Be Still' and Koch fit. Renlund still missing.
A14: 12 | B14: Paraphrase | C14: Why does God let bad things happen to good people? | D14: Infuriating Unfairness — Renlund (Apr 2021) | E14: 4 | F14: Y | G14: Eyring 'Fear Not', Renlund (#2), Christofferson 'Our Relationship with God', Oaks 'Divine Helps' all fit. McCune off-topic. | H14: 4 | I14: Y | J14: Same 5 talks. | K14: 5 | L14: N | M14: All 5 address suffering (Gong, Christofferson, Perkins, Hales 'Mortality Works!', Runia). Renlund dropped out but the set is better. | Q14: 5 | R14: N | S14: Egbo's 'bad things happen to good people' passage is now #1 (exact phrase). All 5 fit.
A15: 13 | B15: Paraphrase | C15: What's the point of going to church every week? | D15: The Need for a Church — Oaks (Oct 2021) | E15: 4 | F15: Y | G15: Strong: Christofferson 'Belonging', Kearon 'Church of Joy' (sacrament), Oaks (#4), Aburto. Wong partial. One duplicate talk. | H15: 4 | I15: Y | J15: Same 5 talks. Oaks 'Need for a Church' has 14 passages. | K15: 2 | L15: N | M15: Worse: drifted to habits (prayer, scripture). Only Chigbundu (sacrament) clearly fits. Oaks 'Need for a Church' dropped out. | Q15: 2 | R15: Y | S15: Oaks 'Need for a Church' is back, but Gong (temple) and Schmeil don't fit.
A16: 14 | B16: Paraphrase | C16: How can I help a friend who stopped coming to church? | D16: The Lord Jesus Christ Teaches Us to Minister — Uceda (Apr 2023) | E16: 3 | F16: Y | G16: Matches are stories about people who stopped attending. Cordon, Gilbert, Uceda help; Andersen 'Name of the Church' and Godoy only share words. | H16: 3 | I16: Y | J16: Oaks 'Need for a Church' replaced Andersen 'Name of the Church'. Same score. | K16: 2 | L16: N | M16: Worse: results speak TO people who left (Gilbert 'Come Home', Palmer 'Return unto Me') rather than how to help a friend. Uceda dropped out. | Q16: 2 | R16: N | S16: Still speaks to people who left. A keyword-only mission talk (Douglas) adds noise.
A17: 15 | B17: Topic | C17: Talks about the temple and covenants | D17: All Will Be Well Because of Temple Covenants — Eyring (Apr 2024) | E17: 5 | F17: Y | G17: All five are about temple covenants. Best result of the test set. | H17: 5 | I17: Y | J17: Same 5 talks, all about temple covenants. | K17: 5 | L17: Y | M17: All 5 about temple covenants; Nelson 'The Temple and Your Spiritual Foundation' new at 66%. | Q17: 5 | R17: Y | S17: All 5 found by both meaning and keywords.
A18: 16 | B18: Topic | C18: Talks about the Savior's grace and Atonement | D18: The Atoning Love of Jesus Christ — Andersen (Oct 2025) | E18: 3 | F18: N | G18: Three results (Amos, Nelson, Waddell) are the exact same quoted sentence — duplicates crowd out other talks. Cook 'Be One with Christ' fits. | H18: 3 | I18: N | J18: Same talks; the duplicated quote no longer repeats, but the same 5 still fill the top. Andersen still missing. | K18: 5 | L18: Y | M18: Big improvement: Andersen 'Atoning Love' (best talk) now #1; all 5 are Atonement talks. Duplicate-quote problem gone. | Q18: 5 | R18: Y | S18: Same strong set; Andersen #1.
A19: 17 | B19: Topic | C19: Talks about the Book of Mormon | D19: The Book of Mormon—an Immeasurable Treasure on Our Journey — Farias (Oct 2025) | E19: 2 | F19: Y | G19: Matches are short sentences that just say 'the Book of Mormon' (e.g. 'We have the Book of Mormon.'). Farias fits; Ballard, Silva, Bednar, Rasband are mostly about other topics. | H19: 3 | I19: Y | J19: Improved: Pace 'It Is Wisdom in the Lord That We Should Have the Book of Mormon' (8) appeared; Rasband 'This Day' has 18 passages. | K19: 4 | L19: Y | M19: Improved: Farias #1, Cook 'Sacred Scriptures', Pace. Short 'We have the Book of Mormon.' matches gone. | Q19: 5 | R19: Y | S19: Best yet: all 5 are about the Book of Mormon (Bednar on Mormon's record replaced the weakest).
A20: 18 | B20: Topic | C20: Talks about joy | D20: A Higher Joy — Uchtdorf (Apr 2024) | E20: 3 | F20: Y | G20: Christensen, Uchtdorf 'A Higher Joy', Egbo fit. 'Do Your Part' and Casillas only mention joy. 2 duplicates. | H20: 3 | I20: Y | J20: A Higher Joy (14 passages) moved to #2. Kearon 'Church of Joy' replaced Casillas. | K20: 4 | L20: Y | M20: Improved: Christensen, 'A Higher Joy', Yee, Kearon, Hall — all about joy. | Q20: 5 | R20: N | S20: All 5 about joy (Taylor 'Swallowed Up in the Joy of Christ' new), but 'A Higher Joy' dropped out.
A21: 19 | B21: Exact names & phrases | C21: Talks that discuss Ether 12:27 | D21: “Then Will I Make Weak Things Become Strong” — Hamilton (Apr 2022) | E21: 0 | F21: N | G21: Total miss (25–31%): matched the word 'talk' ('Let them talk about it'). Embeddings don't understand scripture references — needs hybrid/keyword search. | H21: 0 | I21: N | J21: Still a total miss (25–31%). | K21: 0 | L21: N | M21: Still a total miss. | Q21: 1 | R21: N | S21: Keyword search found Schmeil — the only talk quoting 'Ether 12:27' — at #2. Hamilton's talk on the same verse doesn't cite it by reference.
A22: 20 | B22: Exact names & phrases | C22: Talks that mention the Liahona | D22: Deepening Our Conversion to Jesus Christ — Valenzuela (Oct 2021) | E22: 1 | F22: Y | G22: Only Valenzuela (#1) mentions the Liahona. Others matched 'Book of Mormon' context. Ojediran's talk mentions it 3x but didn't appear. | H22: 1 | I22: Y | J22: Valenzuela #1. Bednar now appears twice with different talks. Ojediran still missing. | K22: 0 | L22: N | M22: Worse: Valenzuela (the Liahona talk) dropped out; results are general Book of Mormon talks. A rare word gets diluted in a long chunk. | Q22: 5 | R22: Y | S22: Fixed: all 5 mention the Liahona (keyword hits), Valenzuela back.
A23: 21 | B23: Exact names & phrases | C23: Think celestial | D23: Think Celestial! — Nelson (Oct 2023) | E23: 1 | F23: Y | G23: Nelson #1. Others matched 'celestial' or 'step back' loosely. | H23: 1 | I23: Y | J23: Same 5 talks. | K23: 0 | L23: N | M23: Worse: Nelson 'Think Celestial!' dropped out completely. Short exact phrases get diluted in long chunks — needs keyword/hybrid search. | Q23: 2 | R23: Y | S23: Fixed: 'Think Celestial!' back at #1; Nelson 'Rejoice in the Gift of Priesthood Keys' also uses the phrase.
A24: 22 | B24: Exact names & phrases | C24: What has Elder Uchtdorf taught about grace? | E24: 1 | G24: No talk by Uchtdorf in top 5 — results are other speakers quoting him. Stanfill 'Imperfect Harvest' (grace, quotes Uchtdorf) partial. No Uchtdorf talk in the data focuses on grace. Needs speaker filtering. | H24: 1 | J24: Still no Uchtdorf talk. | K24: 3 | M24: Big improvement: the header worked — 3 Uchtdorf talks in the top 3 (God among Us, Do Your Part, Our Heartfelt All), though none is mainly about grace. | Q24: 4 | S24: 3 Uchtdorf talks plus Wilcox quoting Elder Uchtdorf on grace (keyword hit) — good.
A25: 23 | B25: Speaker or date | C25: Talks from October 2024 about the Savior | D25: The Lord Jesus Christ Will Come Again — Nelson (Oct 2024) | E25: 0 | F25: N | G25: None of the 5 are from Oct 2024 (2021, 2026, 2025, 2022, 2025). Search can't filter by date yet. | H25: 0 | I25: N | J25: Still none from Oct 2024. | K25: 1 | L25: N | M25: Slightly better: Yee (Oct 2024) appears. Header helps a little with dates but can't filter. Nelson Oct 2024 still missing. | Q25: 4 | R25: Y | S25: Big improvement: 4 of 5 are from October 2024 (date is in the keyword column), including Nelson 'The Lord Jesus Christ Will Come Again'.
A26: 24 | B26: Speaker or date | C26: President Nelson on the gathering of Israel | D26: Preaching the Gospel of Peace — Nelson (Apr 2022) | E26: 3 | F26: N | G26: High similarity (65–72%) but none are by Nelson — all are other speakers quoting him on gathering Israel. Useful content, wrong speaker. | H26: 3 | I26: N | J26: Still none by Nelson. | K26: 3 | L26: Y | M26: Big improvement: 3 Nelson talks now, including 'Preaching the Gospel of Peace' (best talk). The header put the speaker into the embedding. | Q26: 2 | R26: Y | S26: Both best Nelson talks still there; Rasband talks (mentioning Nelson) took 2 slots.
A27: 25 | B27: Edge cases | C27: hope | D27: The Triumph of Hope — Andersen (Oct 2024) | E27: 3 | F27: Y | G27: Andersen #1. Johnson and Ballard fit; Andersen's marriage talk and Wright ('Waiting for a miracle') don't. | H27: 4 | I27: Y | J27: Improved: Gong 'All Things for Our Good' and Schmitt replaced Andersen's marriage talk and Wright. | K27: 2 | L27: Y | M27: Worse: only Andersen 'Triumph of Hope' fits clearly; a one-word query matches long chunks weakly (~31–44%). | Q27: 3 | R27: Y | S27: Andersen #1; Kim (Moroni 7 on hope) and Eyring fit.
A28: 26 | B28: Edge cases | C28: I've had a really rough few months. Work is stressful, I feel like I'm failing at everything, I don't feel the Spirit like I used to, and honestly I'm not sure God even notices me anymore. What should I do? | E28: 4 | G28: Good for a long question: Runia, Phillips 'God Knows and Loves You', Craig 'Wholehearted', Freeman 'Best Days and Worst Days' fit. Kacher partial. | H28: 4 | J28: Nelson 'Christ Is Risen' (8 passages) replaced Phillips. Same score. | K28: 3 | M28: Ochoa 'Is the Plan Working?', Christofferson, Douglas fit. Lost Runia, Craig, Freeman. | Q28: 4 | S28: Semantic only. Craig 'Wholehearted' back; Ochoa, Christofferson, Perkins fit.
A29: 27 | B29: Edge cases | C29: How do I change a car tire? | E29: 0 | G29: Correctly irrelevant (25–31% similarity) — matched car stories. But the site still shows 20 results; there's no minimum-similarity cutoff. | H29: 0 | J29: Still irrelevant (25–31%), still always shows results. | K29: 0 | M29: Still irrelevant, but similarity dropped to 15–22% — a clearer gap from real results (a cutoff around 25–30% would now hide these). | Q29: 0 | S29: Semantic only; still 15–22%. No keyword noise.
A30: 28
A31: 29
A32: 30
A33: 31
A34: 32
A35: 33
A36: 34
A37: 35

Sheet Summary
A1: Search Quality Summary
A2: Calculated from the Test Log. Blank until you score a round. Higher is better.
A4: Average relevant talks in top 5 (out of 5)
A5: Category | B5: ='Test Log'!E1 -> Baseline (sentences) | C5: ='Test Log'!H1 -> 1. Group by talk | D5: ='Test Log'!K1 -> 2. Better chunks + headers | E5: ='Test Log'!N1 -> 3. Talk summaries | F5: ='Test Log'!Q1 -> 4. Hybrid search (RRF) | G5: ='Test Log'!T1 -> 5. Reranker
A6: Life questions | B6: =IFERROR(AVERAGEIFS('Test Log'!$E$3:$E$37,'Test Log'!$B$3:$B$37,$A6),"") -> 2.9 | C6: =IFERROR(AVERAGEIFS('Test Log'!$H$3:$H$37,'Test Log'!$B$3:$B$37,$A6),"") -> 2.7 | D6: =IFERROR(AVERAGEIFS('Test Log'!$K$3:$K$37,'Test Log'!$B$3:$B$37,$A6),"") -> 3.1 | E6: =IFERROR(AVERAGEIFS('Test Log'!$N$3:$N$37,'Test Log'!$B$3:$B$37,$A6),"") | F6: =IFERROR(AVERAGEIFS('Test Log'!$Q$3:$Q$37,'Test Log'!$B$3:$B$37,$A6),"") -> 2.9 | G6: =IFERROR(AVERAGEIFS('Test Log'!$T$3:$T$37,'Test Log'!$B$3:$B$37,$A6),"")
A7: Paraphrase | B7: =IFERROR(AVERAGEIFS('Test Log'!$E$3:$E$37,'Test Log'!$B$3:$B$37,$A7),"") -> 3.25 | C7: =IFERROR(AVERAGEIFS('Test Log'!$H$3:$H$37,'Test Log'!$B$3:$B$37,$A7),"") -> 3 | D7: =IFERROR(AVERAGEIFS('Test Log'!$K$3:$K$37,'Test Log'!$B$3:$B$37,$A7),"") -> 3 | E7: =IFERROR(AVERAGEIFS('Test Log'!$N$3:$N$37,'Test Log'!$B$3:$B$37,$A7),"") | F7: =IFERROR(AVERAGEIFS('Test Log'!$Q$3:$Q$37,'Test Log'!$B$3:$B$37,$A7),"") -> 3 | G7: =IFERROR(AVERAGEIFS('Test Log'!$T$3:$T$37,'Test Log'!$B$3:$B$37,$A7),"")
A8: Topic | B8: =IFERROR(AVERAGEIFS('Test Log'!$E$3:$E$37,'Test Log'!$B$3:$B$37,$A8),"") -> 3.25 | C8: =IFERROR(AVERAGEIFS('Test Log'!$H$3:$H$37,'Test Log'!$B$3:$B$37,$A8),"") -> 3.5 | D8: =IFERROR(AVERAGEIFS('Test Log'!$K$3:$K$37,'Test Log'!$B$3:$B$37,$A8),"") -> 4.5 | E8: =IFERROR(AVERAGEIFS('Test Log'!$N$3:$N$37,'Test Log'!$B$3:$B$37,$A8),"") | F8: =IFERROR(AVERAGEIFS('Test Log'!$Q$3:$Q$37,'Test Log'!$B$3:$B$37,$A8),"") -> 5 | G8: =IFERROR(AVERAGEIFS('Test Log'!$T$3:$T$37,'Test Log'!$B$3:$B$37,$A8),"")
A9: Exact names & phrases | B9: =IFERROR(AVERAGEIFS('Test Log'!$E$3:$E$37,'Test Log'!$B$3:$B$37,$A9),"") -> 0.75 | C9: =IFERROR(AVERAGEIFS('Test Log'!$H$3:$H$37,'Test Log'!$B$3:$B$37,$A9),"") -> 0.75 | D9: =IFERROR(AVERAGEIFS('Test Log'!$K$3:$K$37,'Test Log'!$B$3:$B$37,$A9),"") -> 0.75 | E9: =IFERROR(AVERAGEIFS('Test Log'!$N$3:$N$37,'Test Log'!$B$3:$B$37,$A9),"") | F9: =IFERROR(AVERAGEIFS('Test Log'!$Q$3:$Q$37,'Test Log'!$B$3:$B$37,$A9),"") -> 3 | G9: =IFERROR(AVERAGEIFS('Test Log'!$T$3:$T$37,'Test Log'!$B$3:$B$37,$A9),"")
A10: Speaker or date | B10: =IFERROR(AVERAGEIFS('Test Log'!$E$3:$E$37,'Test Log'!$B$3:$B$37,$A10),"") -> 1.5 | C10: =IFERROR(AVERAGEIFS('Test Log'!$H$3:$H$37,'Test Log'!$B$3:$B$37,$A10),"") -> 1.5 | D10: =IFERROR(AVERAGEIFS('Test Log'!$K$3:$K$37,'Test Log'!$B$3:$B$37,$A10),"") -> 2 | E10: =IFERROR(AVERAGEIFS('Test Log'!$N$3:$N$37,'Test Log'!$B$3:$B$37,$A10),"") | F10: =IFERROR(AVERAGEIFS('Test Log'!$Q$3:$Q$37,'Test Log'!$B$3:$B$37,$A10),"") -> 3 | G10: =IFERROR(AVERAGEIFS('Test Log'!$T$3:$T$37,'Test Log'!$B$3:$B$37,$A10),"")
A11: Edge cases | B11: =IFERROR(AVERAGEIFS('Test Log'!$E$3:$E$37,'Test Log'!$B$3:$B$37,$A11),"") -> 2.3333333 | C11: =IFERROR(AVERAGEIFS('Test Log'!$H$3:$H$37,'Test Log'!$B$3:$B$37,$A11),"") -> 2.6666667 | D11: =IFERROR(AVERAGEIFS('Test Log'!$K$3:$K$37,'Test Log'!$B$3:$B$37,$A11),"") -> 1.6666667 | E11: =IFERROR(AVERAGEIFS('Test Log'!$N$3:$N$37,'Test Log'!$B$3:$B$37,$A11),"") | F11: =IFERROR(AVERAGEIFS('Test Log'!$Q$3:$Q$37,'Test Log'!$B$3:$B$37,$A11),"") -> 2.3333333 | G11: =IFERROR(AVERAGEIFS('Test Log'!$T$3:$T$37,'Test Log'!$B$3:$B$37,$A11),"")
A12: All questions | B12: =IFERROR(AVERAGE('Test Log'!$E$3:$E$37),"") -> 2.5185185 | C12: =IFERROR(AVERAGE('Test Log'!$H$3:$H$37),"") -> 2.4814815 | D12: =IFERROR(AVERAGE('Test Log'!$K$3:$K$37),"") -> 2.7037037 | E12: =IFERROR(AVERAGE('Test Log'!$N$3:$N$37),"") | F12: =IFERROR(AVERAGE('Test Log'!$Q$3:$Q$37),"") -> 3.1851852 | G12: =IFERROR(AVERAGE('Test Log'!$T$3:$T$37),"")
A14: Best talk found (% of questions where you named one)
A15: Category | B15: ='Test Log'!E1 -> Baseline (sentences) | C15: ='Test Log'!H1 -> 1. Group by talk | D15: ='Test Log'!K1 -> 2. Better chunks + headers | E15: ='Test Log'!N1 -> 3. Talk summaries | F15: ='Test Log'!Q1 -> 4. Hybrid search (RRF) | G15: ='Test Log'!T1 -> 5. Reranker
A16: Life questions | B16: =IFERROR(COUNTIFS('Test Log'!$B$3:$B$37,$A16,'Test Log'!$F$3:$F$37,"Y")/(COUNTIFS('Test Log'!$B$3:$B$37,$A16,'Test Log'!$F$3:$F$37,"Y")+COUNTIFS('Test Log'!$B$3:$B$37,$A16,'Test Log'!$F$3:$F$37,"N")),"") -> 0.55555556 | C16: =IFERROR(COUNTIFS('Test Log'!$B$3:$B$37,$A16,'Test Log'!$I$3:$I$37,"Y")/(COUNTIFS('Test Log'!$B$3:$B$37,$A16,'Test Log'!$I$3:$I$37,"Y")+COUNTIFS('Test Log'!$B$3:$B$37,$A16,'Test Log'!$I$3:$I$37,"N")),"") -> 0.55555556 | D16: =IFERROR(COUNTIFS('Test Log'!$B$3:$B$37,$A16,'Test Log'!$L$3:$L$37,"Y")/(COUNTIFS('Test Log'!$B$3:$B$37,$A16,'Test Log'!$L$3:$L$37,"Y")+COUNTIFS('Test Log'!$B$3:$B$37,$A16,'Test Log'!$L$3:$L$37,"N")),"") -> 0.44444444 | E16: =IFERROR(COUNTIFS('Test Log'!$B$3:$B$37,$A16,'Test Log'!$O$3:$O$37,"Y")/(COUNTIFS('Test Log'!$B$3:$B$37,$A16,'Test Log'!$O$3:$O$37,"Y")+COUNTIFS('Test Log'!$B$3:$B$37,$A16,'Test Log'!$O$3:$O$37,"N")),"") | F16: =IFERROR(COUNTIFS('Test Log'!$B$3:$B$37,$A16,'Test Log'!$R$3:$R$37,"Y")/(COUNTIFS('Test Log'!$B$3:$B$37,$A16,'Test Log'!$R$3:$R$37,"Y")+COUNTIFS('Test Log'!$B$3:$B$37,$A16,'Test Log'!$R$3:$R$37,"N")),"") -> 0.33333333 | G16: =IFERROR(COUNTIFS('Test Log'!$B$3:$B$37,$A16,'Test Log'!$U$3:$U$37,"Y")/(COUNTIFS('Test Log'!$B$3:$B$37,$A16,'Test Log'!$U$3:$U$37,"Y")+COUNTIFS('Test Log'!$B$3:$B$37,$A16,'Test Log'!$U$3:$U$37,"N")),"")
A17: Paraphrase | B17: =IFERROR(COUNTIFS('Test Log'!$B$3:$B$37,$A17,'Test Log'!$F$3:$F$37,"Y")/(COUNTIFS('Test Log'!$B$3:$B$37,$A17,'Test Log'!$F$3:$F$37,"Y")+COUNTIFS('Test Log'!$B$3:$B$37,$A17,'Test Log'!$F$3:$F$37,"N")),"") -> 0.75 | C17: =IFERROR(COUNTIFS('Test Log'!$B$3:$B$37,$A17,'Test Log'!$I$3:$I$37,"Y")/(COUNTIFS('Test Log'!$B$3:$B$37,$A17,'Test Log'!$I$3:$I$37,"Y")+COUNTIFS('Test Log'!$B$3:$B$37,$A17,'Test Log'!$I$3:$I$37,"N")),"") -> 0.75 | D17: =IFERROR(COUNTIFS('Test Log'!$B$3:$B$37,$A17,'Test Log'!$L$3:$L$37,"Y")/(COUNTIFS('Test Log'!$B$3:$B$37,$A17,'Test Log'!$L$3:$L$37,"Y")+COUNTIFS('Test Log'!$B$3:$B$37,$A17,'Test Log'!$L$3:$L$37,"N")),"") -> 0 | E17: =IFERROR(COUNTIFS('Test Log'!$B$3:$B$37,$A17,'Test Log'!$O$3:$O$37,"Y")/(COUNTIFS('Test Log'!$B$3:$B$37,$A17,'Test Log'!$O$3:$O$37,"Y")+COUNTIFS('Test Log'!$B$3:$B$37,$A17,'Test Log'!$O$3:$O$37,"N")),"") | F17: =IFERROR(COUNTIFS('Test Log'!$B$3:$B$37,$A17,'Test Log'!$R$3:$R$37,"Y")/(COUNTIFS('Test Log'!$B$3:$B$37,$A17,'Test Log'!$R$3:$R$37,"Y")+COUNTIFS('Test Log'!$B$3:$B$37,$A17,'Test Log'!$R$3:$R$37,"N")),"") -> 0.25 | G17: =IFERROR(COUNTIFS('Test Log'!$B$3:$B$37,$A17,'Test Log'!$U$3:$U$37,"Y")/(COUNTIFS('Test Log'!$B$3:$B$37,$A17,'Test Log'!$U$3:$U$37,"Y")+COUNTIFS('Test Log'!$B$3:$B$37,$A17,'Test Log'!$U$3:$U$37,"N")),"")
A18: Topic | B18: =IFERROR(COUNTIFS('Test Log'!$B$3:$B$37,$A18,'Test Log'!$F$3:$F$37,"Y")/(COUNTIFS('Test Log'!$B$3:$B$37,$A18,'Test Log'!$F$3:$F$37,"Y")+COUNTIFS('Test Log'!$B$3:$B$37,$A18,'Test Log'!$F$3:$F$37,"N")),"") -> 0.75 | C18: =IFERROR(COUNTIFS('Test Log'!$B$3:$B$37,$A18,'Test Log'!$I$3:$I$37,"Y")/(COUNTIFS('Test Log'!$B$3:$B$37,$A18,'Test Log'!$I$3:$I$37,"Y")+COUNTIFS('Test Log'!$B$3:$B$37,$A18,'Test Log'!$I$3:$I$37,"N")),"") -> 0.75 | D18: =IFERROR(COUNTIFS('Test Log'!$B$3:$B$37,$A18,'Test Log'!$L$3:$L$37,"Y")/(COUNTIFS('Test Log'!$B$3:$B$37,$A18,'Test Log'!$L$3:$L$37,"Y")+COUNTIFS('Test Log'!$B$3:$B$37,$A18,'Test Log'!$L$3:$L$37,"N")),"") -> 1 | E18: =IFERROR(COUNTIFS('Test Log'!$B$3:$B$37,$A18,'Test Log'!$O$3:$O$37,"Y")/(COUNTIFS('Test Log'!$B$3:$B$37,$A18,'Test Log'!$O$3:$O$37,"Y")+COUNTIFS('Test Log'!$B$3:$B$37,$A18,'Test Log'!$O$3:$O$37,"N")),"") | F18: =IFERROR(COUNTIFS('Test Log'!$B$3:$B$37,$A18,'Test Log'!$R$3:$R$37,"Y")/(COUNTIFS('Test Log'!$B$3:$B$37,$A18,'Test Log'!$R$3:$R$37,"Y")+COUNTIFS('Test Log'!$B$3:$B$37,$A18,'Test Log'!$R$3:$R$37,"N")),"") -> 0.75 | G18: =IFERROR(COUNTIFS('Test Log'!$B$3:$B$37,$A18,'Test Log'!$U$3:$U$37,"Y")/(COUNTIFS('Test Log'!$B$3:$B$37,$A18,'Test Log'!$U$3:$U$37,"Y")+COUNTIFS('Test Log'!$B$3:$B$37,$A18,'Test Log'!$U$3:$U$37,"N")),"")
A19: Exact names & phrases | B19: =IFERROR(COUNTIFS('Test Log'!$B$3:$B$37,$A19,'Test Log'!$F$3:$F$37,"Y")/(COUNTIFS('Test Log'!$B$3:$B$37,$A19,'Test Log'!$F$3:$F$37,"Y")+COUNTIFS('Test Log'!$B$3:$B$37,$A19,'Test Log'!$F$3:$F$37,"N")),"") -> 0.66666667 | C19: =IFERROR(COUNTIFS('Test Log'!$B$3:$B$37,$A19,'Test Log'!$I$3:$I$37,"Y")/(COUNTIFS('Test Log'!$B$3:$B$37,$A19,'Test Log'!$I$3:$I$37,"Y")+COUNTIFS('Test Log'!$B$3:$B$37,$A19,'Test Log'!$I$3:$I$37,"N")),"") -> 0.66666667 | D19: =IFERROR(COUNTIFS('Test Log'!$B$3:$B$37,$A19,'Test Log'!$L$3:$L$37,"Y")/(COUNTIFS('Test Log'!$B$3:$B$37,$A19,'Test Log'!$L$3:$L$37,"Y")+COUNTIFS('Test Log'!$B$3:$B$37,$A19,'Test Log'!$L$3:$L$37,"N")),"") -> 0 | E19: =IFERROR(COUNTIFS('Test Log'!$B$3:$B$37,$A19,'Test Log'!$O$3:$O$37,"Y")/(COUNTIFS('Test Log'!$B$3:$B$37,$A19,'Test Log'!$O$3:$O$37,"Y")+COUNTIFS('Test Log'!$B$3:$B$37,$A19,'Test Log'!$O$3:$O$37,"N")),"") | F19: =IFERROR(COUNTIFS('Test Log'!$B$3:$B$37,$A19,'Test Log'!$R$3:$R$37,"Y")/(COUNTIFS('Test Log'!$B$3:$B$37,$A19,'Test Log'!$R$3:$R$37,"Y")+COUNTIFS('Test Log'!$B$3:$B$37,$A19,'Test Log'!$R$3:$R$37,"N")),"") -> 0.66666667 | G19: =IFERROR(COUNTIFS('Test Log'!$B$3:$B$37,$A19,'Test Log'!$U$3:$U$37,"Y")/(COUNTIFS('Test Log'!$B$3:$B$37,$A19,'Test Log'!$U$3:$U$37,"Y")+COUNTIFS('Test Log'!$B$3:$B$37,$A19,'Test Log'!$U$3:$U$37,"N")),"")
A20: Speaker or date | B20: =IFERROR(COUNTIFS('Test Log'!$B$3:$B$37,$A20,'Test Log'!$F$3:$F$37,"Y")/(COUNTIFS('Test Log'!$B$3:$B$37,$A20,'Test Log'!$F$3:$F$37,"Y")+COUNTIFS('Test Log'!$B$3:$B$37,$A20,'Test Log'!$F$3:$F$37,"N")),"") -> 0 | C20: =IFERROR(COUNTIFS('Test Log'!$B$3:$B$37,$A20,'Test Log'!$I$3:$I$37,"Y")/(COUNTIFS('Test Log'!$B$3:$B$37,$A20,'Test Log'!$I$3:$I$37,"Y")+COUNTIFS('Test Log'!$B$3:$B$37,$A20,'Test Log'!$I$3:$I$37,"N")),"") -> 0 | D20: =IFERROR(COUNTIFS('Test Log'!$B$3:$B$37,$A20,'Test Log'!$L$3:$L$37,"Y")/(COUNTIFS('Test Log'!$B$3:$B$37,$A20,'Test Log'!$L$3:$L$37,"Y")+COUNTIFS('Test Log'!$B$3:$B$37,$A20,'Test Log'!$L$3:$L$37,"N")),"") -> 0.5 | E20: =IFERROR(COUNTIFS('Test Log'!$B$3:$B$37,$A20,'Test Log'!$O$3:$O$37,"Y")/(COUNTIFS('Test Log'!$B$3:$B$37,$A20,'Test Log'!$O$3:$O$37,"Y")+COUNTIFS('Test Log'!$B$3:$B$37,$A20,'Test Log'!$O$3:$O$37,"N")),"") | F20: =IFERROR(COUNTIFS('Test Log'!$B$3:$B$37,$A20,'Test Log'!$R$3:$R$37,"Y")/(COUNTIFS('Test Log'!$B$3:$B$37,$A20,'Test Log'!$R$3:$R$37,"Y")+COUNTIFS('Test Log'!$B$3:$B$37,$A20,'Test Log'!$R$3:$R$37,"N")),"") -> 1 | G20: =IFERROR(COUNTIFS('Test Log'!$B$3:$B$37,$A20,'Test Log'!$U$3:$U$37,"Y")/(COUNTIFS('Test Log'!$B$3:$B$37,$A20,'Test Log'!$U$3:$U$37,"Y")+COUNTIFS('Test Log'!$B$3:$B$37,$A20,'Test Log'!$U$3:$U$37,"N")),"")
A21: Edge cases | B21: =IFERROR(COUNTIFS('Test Log'!$B$3:$B$37,$A21,'Test Log'!$F$3:$F$37,"Y")/(COUNTIFS('Test Log'!$B$3:$B$37,$A21,'Test Log'!$F$3:$F$37,"Y")+COUNTIFS('Test Log'!$B$3:$B$37,$A21,'Test Log'!$F$3:$F$37,"N")),"") -> 1 | C21: =IFERROR(COUNTIFS('Test Log'!$B$3:$B$37,$A21,'Test Log'!$I$3:$I$37,"Y")/(COUNTIFS('Test Log'!$B$3:$B$37,$A21,'Test Log'!$I$3:$I$37,"Y")+COUNTIFS('Test Log'!$B$3:$B$37,$A21,'Test Log'!$I$3:$I$37,"N")),"") -> 1 | D21: =IFERROR(COUNTIFS('Test Log'!$B$3:$B$37,$A21,'Test Log'!$L$3:$L$37,"Y")/(COUNTIFS('Test Log'!$B$3:$B$37,$A21,'Test Log'!$L$3:$L$37,"Y")+COUNTIFS('Test Log'!$B$3:$B$37,$A21,'Test Log'!$L$3:$L$37,"N")),"") -> 1 | E21: =IFERROR(COUNTIFS('Test Log'!$B$3:$B$37,$A21,'Test Log'!$O$3:$O$37,"Y")/(COUNTIFS('Test Log'!$B$3:$B$37,$A21,'Test Log'!$O$3:$O$37,"Y")+COUNTIFS('Test Log'!$B$3:$B$37,$A21,'Test Log'!$O$3:$O$37,"N")),"") | F21: =IFERROR(COUNTIFS('Test Log'!$B$3:$B$37,$A21,'Test Log'!$R$3:$R$37,"Y")/(COUNTIFS('Test Log'!$B$3:$B$37,$A21,'Test Log'!$R$3:$R$37,"Y")+COUNTIFS('Test Log'!$B$3:$B$37,$A21,'Test Log'!$R$3:$R$37,"N")),"") -> 1 | G21: =IFERROR(COUNTIFS('Test Log'!$B$3:$B$37,$A21,'Test Log'!$U$3:$U$37,"Y")/(COUNTIFS('Test Log'!$B$3:$B$37,$A21,'Test Log'!$U$3:$U$37,"Y")+COUNTIFS('Test Log'!$B$3:$B$37,$A21,'Test Log'!$U$3:$U$37,"N")),"")
A22: All questions | B22: =IFERROR(COUNTIF('Test Log'!$F$3:$F$37,"Y")/(COUNTIF('Test Log'!$F$3:$F$37,"Y")+COUNTIF('Test Log'!$F$3:$F$37,"N")),"") -> 0.60869565 | C22: =IFERROR(COUNTIF('Test Log'!$I$3:$I$37,"Y")/(COUNTIF('Test Log'!$I$3:$I$37,"Y")+COUNTIF('Test Log'!$I$3:$I$37,"N")),"") -> 0.60869565 | D22: =IFERROR(COUNTIF('Test Log'!$L$3:$L$37,"Y")/(COUNTIF('Test Log'!$L$3:$L$37,"Y")+COUNTIF('Test Log'!$L$3:$L$37,"N")),"") -> 0.43478261 | E22: =IFERROR(COUNTIF('Test Log'!$O$3:$O$37,"Y")/(COUNTIF('Test Log'!$O$3:$O$37,"Y")+COUNTIF('Test Log'!$O$3:$O$37,"N")),"") | F22: =IFERROR(COUNTIF('Test Log'!$R$3:$R$37,"Y")/(COUNTIF('Test Log'!$R$3:$R$37,"Y")+COUNTIF('Test Log'!$R$3:$R$37,"N")),"") -> 0.52173913 | G22: =IFERROR(COUNTIF('Test Log'!$U$3:$U$37,"Y")/(COUNTIF('Test Log'!$U$3:$U$37,"Y")+COUNTIF('Test Log'!$U$3:$U$37,"N")),"")
